player_uid,gender,classe_age,has_participated
3e3c47f4-a2d3-4327-b3ac-e1e552d2b1aa,female,30-39,1
10605fda-ff7f-4861-8c9f-148e5e771df8,female,30-39,1
2decf6e1-11c7-4706-9b1c-af5b2c33d119,female,50-59,1
6a876274-7a82-4f15-8cfc-d4e4fba0d00b,male,15-29,1
5b7d1691-a69c-43ad-9796-944aec3009a3,male,15-29,1
9b5632e4-f11a-4ef6-bd4a-bd922160d8e8,male,15-29,0
6d737ef6-8d6f-4a5a-b159-0b585274773e,male,40-49,1
d7c1fb7a-ad55-4f80-87b0-65393bf531ad,male,30-39,1
ddf99622-9689-4e18-af0f-0992514f672d,male,30-39,1
ecf6ae95-c676-4f67-9f1e-90edc00230b5,male,15-29,1
e55e5241-cc4e-4f4c-a4a1-04d09cfb9f00,male,15-29,1
d9e6cc43-fce9-4c83-a7fe-a7baf0fe3251,male,30-39,1
3d463523-5e24-4683-a82d-23f99323e6ed,male,30-39,1
740316ee-a195-492c-a2ee-eab89593bb47,male,15-29,1
c5a651b3-e661-44a5-86a9-90402b304760,female,15-29,1
7e9b437e-10ff-4dac-ac79-34fe86a57bce,male,15-29,1
fc221aca-a5be-4b36-8a09-bdf41b5d2222,female,30-39,1
ad8cb65e-69ae-44f9-af58-b526994d5a5f,female,30-39,1
c19d2661-44c3-42dd-8519-557962242d33,male,60+,1
71fa6095-3d5d-497a-9789-3c0d2aa5e8b2,female,30-39,1
4b12e7df-df53-475f-85e4-ecaed5d7fc96,male,30-39,0
5a0328fb-f4e8-4dc5-bcbf-ab280b53bb53,female,30-39,1
91653c7a-f89e-4238-a07c-df16d93e89b8,female,50-59,1
cd6dd143-4eac-40cb-87b6-7d901a466e76,male,60+,1
893cd2ad-4fd6-4ebd-b04e-1598476aea39,male,15-29,1
065bb292-fb22-4b21-9c5e-58ed2f8acc0e,female,50-59,1
e8b5a8b1-9dba-4a1e-b1a4-aa95af66b099,female,30-39,1
3921146d-a5a8-493f-a472-6d58ee613f7b,male,15-29,1
7b8e754b-7760-4952-9719-d7e6410b8411,female,30-39,1
12dc18e0-8b18-40c7-a4d0-650da27d091d,female,15-29,1
45abf637-ad39-4646-a8bb-4db7d22f43f6,female,30-39,1
c3bd4fed-7e23-431a-9847-b564fc6a69b9,female,30-39,1
5c5c83d7-3f2c-46da-b8bb-31d9c8c45863,male,15-29,1
0a8a83af-10e6-4fef-884a-987909fb73bb,male,30-39,1
eef00e9e-33fd-4998-adac-1a22b0350aad,male,40-49,1
4557b13d-6eae-4d1b-ad1f-effeccc57bf7,male,15-29,1
22c07004-83f2-4b14-b6c0-18062929a782,female,30-39,1
d6fda27c-ab38-40b6-a0e9-9d8653a6ec80,male,30-39,1
30b3d18d-a8fa-48d0-ba1d-87fea63ee5bd,female,15-29,1
58b69322-55b6-49d1-9ec1-c51337c63b97,female,30-39,1
664a1ce7-fb5c-456b-8212-44292cef089b,male,15-29,1
1bc8c587-dd3d-4f32-9e97-15a80906e620,female,30-39,1
1f0e612d-ec1e-4be8-96de-e3d6968cfd8c,female,15-29,1
c13324e2-207c-4f0a-8e00-6276d5d2fd04,male,30-39,1
e565e75d-b59d-4f85-8ff6-c809955f8a05,female,15-29,1
79430b8c-7ae4-47de-94bc-30139a845690,male,15-29,1
4312da53-8970-4f63-bbb7-0f34c58c8fce,female,15-29,0
4bcbe796-f41d-4837-b094-fee3bc287a4c,male,15-29,1
80235191-57e8-4a29-8d7e-024f10cd2a00,male,30-39,1
44a1d7c8-7557-4fc1-b0a3-edec655cbefd,male,15-29,1
1cdbcfd5-3ef5-4c39-8151-fbb20ddcfb19,female,60+,1
777c289b-2b40-4da7-830f-50a8a69c1ffa,male,30-39,1
556fe3ef-38f4-4abd-9929-a1fcbe74e2e1,female,30-39,1
b02b389c-de52-4387-8846-a5fbb4704f7a,male,30-39,1
cf841179-b497-4b9a-b04f-1d08901856d3,female,30-39,1
aa6890c2-683e-49ba-93f8-0e61ba05c10e,female,50-59,1
b27637fd-bc68-41f9-b6f3-fe1eaa727648,female,15-29,1
2333e9a5-774a-450d-b684-14fdbb7c5ec5,male,15-29,1
6f0f3723-9841-4da4-a0eb-e3fc816082d8,male,30-39,1
e135a319-466c-42af-b38b-8f9651683624,female,15-29,1
4adf68a8-8c60-4e19-a5e5-f0d428df6670,male,30-39,1
0fa05aa3-ddf4-4d17-8987-c0c37d3e96d7,male,30-39,1
13a9374a-dbdd-4910-8c6d-f41ea62bb850,female,40-49,1
422c39d0-d9a5-4788-a977-09f3b96ba16f,female,30-39,1
05d3cf22-2314-4893-b489-c566cab678c0,male,30-39,1
5a35ff61-9e95-4aba-97fd-2a9323d3b476,female,30-39,1
716711a2-4a13-4c54-9435-14a8ee212f7e,male,30-39,1
d8939520-2a67-43f2-9652-1758c7cc7f37,male,30-39,1
e2368b1b-f798-4e7a-8cc9-6aa18e446869,female,30-39,1
04246d24-a9bf-4314-8eb0-87cf2ab67aa7,male,30-39,1
cb6ac924-6a37-4123-87ed-03d5dfcd603e,male,50-59,1
6538e468-b96e-4b33-8d8f-701f1dbcedc3,female,50-59,1
31d6bb4c-3331-464c-9951-feb1a243235c,male,30-39,1
e3375b33-165f-44d4-a10d-b3bb862e599b,male,30-39,1
0b82e62b-fd7a-4ebd-92bc-88be8da24c62,female,30-39,1
e4650e5d-29ae-4344-bb1c-50cd6a6a30c6,female,30-39,1
bc3e6099-ed61-45ec-b372-c06d541cd03e,male,15-29,1
735a848c-9fc2-4f37-88b4-5e1806a21f80,female,15-29,1
5fbcf28d-8eac-40f5-ab66-917bf5d63819,female,15-29,1
233c7f2e-2e5e-48c6-ada7-9bed34b72ff9,female,40-49,1
d59bfbe7-5408-46da-82c0-e18a524985f8,male,30-39,1
cc0b6c23-d9fc-4ead-9fd8-25190f0b3216,female,30-39,1
18138157-61ea-485f-b942-58e37ae5ad94,female,60+,1
5b645bd6-391c-46d1-b9b7-75200ee63b9d,female,15-29,1
bd87dd0d-c4ae-4894-9d37-776374d7d721,female,30-39,1
ced21982-0aee-4261-8601-46bf2f9ec859,male,30-39,1
a9b35a6c-ea6c-46dd-8829-b3abca1a11f9,female,15-29,1
2a19fe3d-0323-4563-9847-6263691e2b09,female,15-29,1
d4e0aaaa-cf53-4fa6-9674-99b313f0572c,female,15-29,1
3f2c2354-8f04-494f-8df9-bd3fd8fd651c,female,40-49,1
fd77262b-2186-4f5b-bef2-f5602203bf70,male,30-39,1
52972fef-fb0b-4bba-addc-e199eac3e732,female,30-39,1
d96e1739-6f4e-4d54-9ffe-9f2c71fb49f1,male,60+,1
70b8b514-9298-4356-9130-75c921d5461d,female,30-39,1
1682b630-5ac8-4fbd-8387-c37a09276c61,male,30-39,1
f95f0d58-b1a5-4b6c-acc4-ec5e2579970b,male,30-39,1
af9626ed-a982-4c2a-a0de-edac3edd3d5f,male,30-39,1
4f4ad63d-5881-457a-9df4-ffdbf9b1ee30,female,30-39,1
20624aae-6520-4d64-807f-dd0e41207183,female,50-59,1
e0d88e2f-02a1-47b0-91e7-60f284e68841,male,60+,1
55bd30be-2e69-4244-bb57-530f699528f4,male,15-29,0
0d5d56d8-002a-46fc-9640-c49163dfb76a,male,30-39,1
2e6fd2f5-fcfa-4245-8752-6cca94a261cf,male,30-39,1
489d606d-8971-4963-8413-9b03efe08427,male,30-39,1
5fab03c3-1db8-4b96-86dc-c5fa5f3bef1a,male,15-29,0
a44a6558-ebac-4891-b5be-7a9c1c6162e3,female,15-29,1
870293a1-b6b0-47a1-8ce0-0e83cc1489a8,male,15-29,1
f43d228b-21c6-4833-b917-3dee7fd9df70,female,60+,1
1fd0f100-8c96-4543-bb44-3b68debd66fa,male,30-39,1
ec08a88e-fb31-4351-90a7-f68ee6278164,male,30-39,1
056a9717-7977-4b73-81d2-c2baec56479d,male,15-29,1
e5fea2db-4006-4acc-95fa-89fa9827e26a,female,30-39,1
eba7c248-d1be-415c-9c35-fd901871080e,female,40-49,1
ccbe09d0-eefb-4108-a7b6-9db21b448e59,female,15-29,1
f7db7a20-1b22-46d7-a3fe-573b101dbd31,female,40-49,1
24be3062-0e2d-46bd-b5ff-2594bd65ec74,female,40-49,1
04cf3700-27ee-41f7-9516-0567ace9c031,male,15-29,1
de1a495d-9951-4fe3-9c28-9a36df19c303,male,15-29,1
a501c4d4-3e5a-4fab-9c19-38182e076680,male,30-39,1
41a996a0-f440-4c24-b10b-33fe1ad8c4c6,male,15-29,1
2390668b-8646-4766-aad1-0bc551bd47b3,male,15-29,1
42a0a2be-efc4-4c75-b81a-c023595cc9a7,male,30-39,1
e4d85774-37be-4e1f-94c5-a2cd340fda24,male,15-29,1
9b17a83a-2fca-4360-82ba-e8f6f8633fad,male,30-39,1
af732f07-22bb-4e7e-aa1a-1fa4db1ed8f2,female,15-29,1
69d4d388-445a-4f2b-b5da-1c6cdf4aad1c,female,50-59,1
f82a347e-1a63-4514-af79-f7fd7b763d1a,male,60+,1
8fe02524-9d39-4a38-9704-dcc3c4399290,male,15-29,1
88b30292-8d33-4c29-9f4b-af5fa1e469af,male,15-29,1
31984bbb-ab9e-4161-beac-b1732e711291,female,15-29,1
9e9eb753-407a-4e30-be69-32feaf3f14c8,female,30-39,1
12265b05-561e-4880-8496-4c191fbb2f63,female,30-39,1
f9ea1646-ab6f-417a-8ba3-9d27c43b445b,male,40-49,1
f476278b-48cd-4798-9b5a-d5c081f870a0,male,30-39,0
7fc29585-c137-4107-9291-0b220d321e31,male,30-39,1
ec599d8e-b7ed-44d8-9deb-6e1ff3604d74,male,15-29,1
2c15a812-c7e5-48b5-be90-70f3b4388169,male,15-29,1
2e3c460b-50ca-457b-aa95-9f05e22dece0,male,40-49,1
28fc4781-799c-4c9b-b3b5-65855a113f5f,female,15-29,1
10e0e050-3574-43c8-8591-89686c9ff61a,female,30-39,1
366a6639-e573-4f42-8a04-4184e5f83796,female,15-29,1
323881c3-6713-4f55-83bc-cda0609ae0b5,male,40-49,1
f610be93-7d84-4e11-93ee-2bb80987f355,male,30-39,1
e2bdf865-150c-46cc-bc64-88c5d9a3bfd6,female,40-49,1
dd3f270d-97e9-43d8-a88c-7f2e1e49918b,female,30-39,1
f184c321-ea09-423c-a7b6-a268abf2575a,male,60+,1
8645e752-f8fd-4118-8f51-768e6cad2c87,male,30-39,1
923a429f-ab49-44b9-9c00-c5690d1316b2,male,30-39,1
ccfef9aa-07d4-47b5-aa93-7c92ac3fa3be,male,30-39,1
df4928ba-99f4-4eaa-9c7c-22128ded8cab,male,50-59,1
31826a3a-a92b-4f02-8f13-ac58da820a5d,male,15-29,1
5612bd9d-b52a-4737-ac87-695c5852cc11,female,30-39,1
bc18e534-88af-4308-ba18-e3dec91725ec,male,15-29,1
7c19e8e8-1db8-4d60-af85-1d325179b4c1,male,15-29,1
cf752ad2-08c3-419a-8b4c-f6b983cd44bc,male,40-49,1
c89bb49d-6d8d-4bdd-84a9-dbfbb7162228,female,40-49,1
f8bcc08f-efd5-466a-95c6-fd35b4ca8f6f,female,30-39,1
dc2b4e3b-e992-48bc-8e5e-9a0a775a5905,male,15-29,1
cb64cf3a-fe6a-4bc6-9fef-e93188e231c6,male,30-39,1
b2f5ed95-4c1d-4219-b65b-8c9a22de71be,male,30-39,1
6d3c499a-5aa4-4167-8c07-5b5053b744cc,female,50-59,1
a169e3e4-83fe-41e5-b0f9-cae6be6c4e84,female,15-29,1
08f5b0b4-f97e-4f56-8de9-095bcfbf1a61,female,15-29,1
240acaac-8627-40ec-b619-8ae05ba46412,male,15-29,1
5829243b-28ab-4c66-8168-5752154e2958,female,40-49,1
2485bd32-fe1c-403a-8859-ed43322d04bb,female,15-29,1
2d7f7661-f064-4369-b202-895867af0620,male,15-29,1
a362c99c-325e-4809-9624-9aad6af32fa0,male,30-39,1
fb8c93e5-6292-4f09-a5e8-5160571b4109,female,15-29,1
1894c1bd-8e7a-43e8-9a68-1219c04f05ab,female,40-49,0
e3551a4c-4ac1-4d7e-8975-9f49ac304282,male,15-29,1
e8d0d466-67ae-4e6d-ad2f-30c71b1b26b9,female,15-29,1
7fa168b4-6bf9-4d88-a528-cb587bbef2cf,female,50-59,0
d58eeb58-63bc-4b47-a4fb-7bd78a8c375c,female,50-59,1
1c961b89-5b36-4cf6-8c05-f4f651bd40b9,female,15-29,1
2f2cd2fd-b42d-44fc-bbae-0587d6d38938,female,15-29,1
80127ee8-b5a3-44bc-b1f2-5ca64c170aae,male,30-39,1
5baa9469-d8a2-4211-a663-75b2e76816d4,male,15-29,1
bd845725-2ae9-40d0-b766-28c692090a42,male,15-29,1
d66f6017-1e28-4bf8-bfb9-c7b8a545b88b,female,15-29,1
3cee0f29-3216-4045-a807-caa16b6b1f0d,male,15-29,1
380063a1-f763-46dd-86a9-9500f569d3c8,male,15-29,1
5e95f5f0-3104-4a88-9803-869a395aaeb6,female,40-49,1
aaac4c43-866d-4b96-a690-3d9ae95cbbc5,female,60+,1
63d79182-1f99-403d-8cfe-127a5d44b4fd,female,40-49,1
d6b38b10-1922-40f7-b5f4-cb47fc012ac3,male,60+,1
c2129b76-a0b2-4631-bd1e-6e21e4741332,male,15-29,1
f7252158-43b6-4ee9-9ced-983df3b97595,male,15-29,1
89a14fa8-3ff0-4ea4-9a01-cc4c9177d770,male,15-29,1
d8dfd278-93d6-49da-9d5c-a19b1b955bc7,female,15-29,1
bc1cb742-b244-47de-9110-296a9eaaae43,male,30-39,1
5e3f2c73-e4a8-4c09-9380-f5768e2e89e5,female,30-39,1
5acd7ad1-bf17-4eb2-ade3-04f32706bbd5,female,50-59,1
38a6192a-8c3b-407f-aa9d-b77b085c09da,female,60+,1
b04290bc-1532-47a0-95d6-78a599c80bde,male,30-39,1
bffee284-632d-4391-a9af-9a3d87062404,female,15-29,1
b3f3ba5b-b1e2-4683-ada2-cfa33f002c9d,male,50-59,1
532dc7b3-4305-473f-959e-3f426f7929b5,female,30-39,1
3d3f3fbc-d23e-493d-b722-35c7b99efea9,male,30-39,1
7e48c9f6-9cf2-42cc-b195-49cd83b4a1b2,female,15-29,1
6ad31eff-67c1-4055-b400-c467cbbdda9a,female,15-29,1
45ca6b70-d6e9-4482-b7a4-c8dc10fdf164,male,15-29,1
15cab366-530f-4bad-b580-c25c756029b8,female,15-29,1
05d4aae6-5477-4f30-8edc-e138b36810f4,female,15-29,1
8da9416c-567f-4f68-8d68-29928685ecdf,female,15-29,1
100cdd2a-8814-49a7-9da5-ebab9773f4cd,female,15-29,1
9df94f6c-b9d5-44fa-80b3-c434d3e8a92b,female,15-29,1
215c1a6b-e200-41bd-8178-f534db6259a9,male,30-39,1
87e5a09d-4887-413d-b63f-d07a9aafefe2,male,30-39,1
246be56e-214f-41ae-9901-085619b5b90c,male,30-39,1
d2d3f046-1d6d-43e0-a6c5-976b3604c8dc,female,50-59,1
2df19d88-66f4-4d42-b121-20e483dc665c,male,60+,1
66005cd7-62b0-4da5-afbe-9fd5ce0d75df,female,15-29,1
7d7083ba-602d-4b5c-b74e-98124c1f71f3,female,15-29,1
2dee6624-205a-43c2-b542-4ae46cc90389,female,60+,0
54acaeab-58b5-4028-8d96-9e40132334f6,female,30-39,1
892462df-551b-4ca1-85f5-84008808c1dc,male,40-49,1
c8b6db09-b100-446d-84f7-f6ae45c4e32c,male,40-49,1
ec293991-dc13-47d6-8fd5-8f95760b7f3b,male,15-29,1
a0e8ffd5-8eef-4226-a1e9-ca8fd2844d97,male,40-49,1
1c0fb515-a845-48fa-bda0-6fc6edf94bb0,female,30-39,0
d8105cac-6272-4619-a235-2faa2a2ea358,male,30-39,1
2ada35c2-2271-4425-a48f-2f6aa65b6752,male,30-39,1
4cd95dd2-ccc3-4af2-895b-d3bfb09b0536,male,30-39,1
37f20ea2-9849-4154-aa9f-280c03359a37,male,30-39,1
9113368a-38bf-4f37-8daa-082b5c7c1368,male,15-29,1
8bf25f12-9ed7-47c4-85e5-d467cd323d3e,male,50-59,1
5393c19a-5f6f-4dfb-ba9f-c9587c157339,female,50-59,1
3effbd54-4354-4179-83f9-6192383873f0,female,15-29,1
9835f6c1-b813-41a7-93dd-a89ce1c12040,male,30-39,1
0d100ea5-324a-4036-bbde-5e7f91b5c7a7,male,15-29,1
e742d766-7e8f-488c-a01d-252cf257cc3f,male,30-39,1
7f0b4fc3-ee04-46b7-a27e-20dcb6bcc746,male,15-29,1
b0d5b5c8-b33c-48a0-a11f-c249969b7691,male,60+,1
f86ff839-1ed2-4936-ab0d-cc8a4a8804da,female,15-29,1
f749cf4f-5eb6-4c30-ae72-ade25fd40d53,male,15-29,1
e1aaf9b1-01aa-4b0b-a2a8-6aa03383c500,male,15-29,0
ca13f755-5527-4356-b106-5ba2842547e5,male,15-29,1
907845b1-8aaf-4b87-a17e-bf28d1f20e1d,female,15-29,1
b844dc5b-dfed-4019-86c9-e2180447eb32,male,30-39,1
fc5508fa-7cc4-469d-9c30-b9d4c5276bf3,female,15-29,1
8c7af0b4-37ea-4b79-a299-5acaad85c24a,male,15-29,1
636f3237-5d9c-45c3-b89f-d57bddf5e449,male,30-39,0
d98cca13-f8d5-4ccb-9c28-e54943e5e60f,male,40-49,0
4da557b3-e76e-4b43-a312-64b9f33b301e,female,30-39,1
e21c0a2e-7efe-43f4-80ac-7f1cf989d70e,male,30-39,1
76fe693b-f65a-41c9-a56c-bdd31e833a5f,male,15-29,1
0cee1ef6-d505-42aa-89ef-ae859006ff93,female,40-49,0
78f0f37c-6f4d-49f2-b2fc-71c46a68a40b,female,50-59,1
42afdf06-bd13-473b-98a3-c7b3f38b7851,male,60+,1
0509c587-4f6b-4d4b-ae35-e8539dce115f,male,15-29,1
8ec308cd-0a78-4d91-9539-108be382366b,female,15-29,1
6302d613-84e2-4f4b-9cd9-e99c6bb33e1d,female,15-29,1
7be4b71b-6520-4ae1-95ff-c298c8b2700e,male,60+,1
2f125f96-23f2-466a-9db0-40919d576ff9,female,60+,1
e13feedc-1d59-43e2-8aaa-993a84f178de,male,15-29,0
68e9823f-33df-48c5-b644-2305643d44de,female,60+,1
c268fd10-7bc2-4f5b-adb5-c2f86182a7f0,female,30-39,1
800e8b17-205e-453d-8afb-a2fcc0ab6ecb,female,30-39,1
690516a6-7719-4780-87c4-eb0a6d4dd38d,female,15-29,1
275a1982-3568-45c3-9b1d-99717069542b,male,15-29,1
79ac7d94-7dd6-45f9-99d1-964d172a770a,male,15-29,1
4cbe22ec-b643-4976-a1db-258a435e035d,female,15-29,1
0f25659c-9b4a-4c57-a883-cee83d67171b,male,30-39,1
43af94c9-4a89-4b2e-a204-2bf2c218330d,female,15-29,1
6d48d112-0235-47ae-b79a-1651c30a7d9d,male,15-29,1
821f6fce-b1e4-442d-9ad2-8cd8c7226850,female,50-59,1
a5121ac7-5d93-4864-b42c-f31b3d9717da,female,30-39,1
13e26f1c-6226-4ce4-bb57-43def38cccba,male,15-29,1
b240664c-8df4-41b9-9d68-a66469038614,male,50-59,1
4c1e2901-8cc4-42ff-b0ad-ca218bc1908d,female,15-29,1
8de82722-d3b1-4e26-9952-ca40b1f387e7,male,15-29,1
039dec36-bcbe-4925-b4d4-1b3e98f22c71,female,60+,1
7c100102-4ac4-4c51-8a5d-cea21d29765f,female,30-39,1
f277b9c3-6514-4138-87ce-04f0938aaab2,female,15-29,1
0dd9a6e9-aa6f-492d-8d00-da3cdece463c,male,40-49,1
f9a4f9d1-4c8c-48bf-b84c-a9f7090c5fef,male,30-39,1
1567baaa-741c-4efd-9f05-a49d477fb974,male,40-49,1
2c47920d-185e-4a09-b7e6-10523e7ae6f4,female,15-29,1
6bd70f68-53df-42d0-97d8-32baa8b1c176,male,40-49,1
5a81b5ba-bef2-462c-8077-e7f6ed97e309,female,40-49,1
d18fe4c2-1f27-48cf-9d13-845ca36e18fb,male,30-39,1
aee06ffe-6847-4f9a-86e0-6249de219e99,male,50-59,1
8166bf9d-8c5e-408f-a92a-ef6da3a653be,male,15-29,1
ebee475f-bf50-438f-87eb-5663ca796afb,male,40-49,1
e75a55c3-4a27-41fe-9fb3-f638fc7f6680,male,30-39,1
f36cd693-a679-4dcc-86bb-3e0e8252e4c0,male,30-39,1
de855f7f-15c3-4fa9-96a7-d06f5a26299b,female,50-59,0
19d5d8ac-a05a-4139-9434-dc3ef4d4cfe4,male,30-39,1
229cfe90-abe2-4b45-8835-db4021433997,female,30-39,1
dd174919-0137-4ac4-9be8-de68492582fe,male,30-39,1
839555f0-4309-4d19-9e35-68533ea443f1,male,30-39,1
0d0b9550-21c0-42bd-ab0c-055e96957bfb,female,30-39,1
8b843e65-61a1-45e5-9668-bdbbef535ae2,female,50-59,1
9d18d1f3-e1e3-4595-bae1-ed49434d6c8f,male,30-39,1
a48593a7-b54d-4645-bbb4-b63397b427da,male,30-39,1
6bdbad20-cfa1-41db-a5d8-eabc40f717ec,male,40-49,1
881b8158-ec28-45ee-b7b3-19ab8074ed85,male,30-39,1
33a5c785-8c60-4f2d-9ef2-f2b529a17be9,male,50-59,1
abb51779-dbc5-4b1d-be09-9ff9f42c41b5,male,30-39,1
4546fc67-2105-4e73-919d-89bd4a5bd07a,female,15-29,1
610dd962-67f3-4d37-9649-1a620f715480,female,15-29,1
e3f2ec4f-fd48-4a29-8704-c38c69995192,male,30-39,1
a1b50859-3f58-4315-aab8-8f9a966f3e21,female,60+,1
e7db1463-9130-4203-b17c-8d7a0fb50b8c,female,60+,1
7ed7fc7d-ec5d-4738-81d4-feb8a5382490,male,30-39,1
3a700d80-b8c5-485b-a6e6-932503aa3f99,male,15-29,1
51919992-b44c-47a3-8243-c85b41d50c9e,female,30-39,1
95b92d64-e4fc-4840-9a6e-1156b2ea335f,male,15-29,1
4e90e72a-4918-43e9-848d-b7420ed8afe0,male,15-29,1
75682844-b623-490c-8b77-f07e8910e785,male,15-29,1
dfae0bfe-665b-4068-a75d-8165b8d89404,male,40-49,1
1c6d36af-d085-4fc2-ac2b-042c500a4b60,male,30-39,1
15037b25-27e3-4d19-896d-a8cc4ba71c64,female,30-39,1
06024f4d-8512-489c-a764-54700b002dd5,female,30-39,1
1414df60-0608-4518-a2f6-7499b50fece0,male,30-39,1
2299c6f5-d6c4-42d8-a18c-4f25e416dd11,male,30-39,1
d7b583a8-4a55-4c73-9d19-09ef139c4317,female,15-29,1
f292dd91-c559-4d35-956b-9845f10e469e,male,30-39,1
c38930bc-ddc1-4112-a9a9-de97338b2522,female,15-29,1
3f72a343-6acb-4f36-a4c3-16f030e0b3f6,female,15-29,1
1fb9c1ec-6b93-43fa-ab81-128cdffeacf6,male,15-29,1
2dd1c36d-64b4-4c61-b56e-3afa958c42a8,male,60+,1
9914f1ec-a5e7-43ac-903c-977cdd4b5d02,female,50-59,1
39e05ed8-a877-4f80-ae7a-2759ec246979,female,30-39,1
4f55aef9-b5d9-4c8d-acad-cea823dab94d,female,15-29,0
182ae321-aea8-4980-a4c6-eda7b4de8e5c,female,30-39,1
8e035c7d-a596-4608-80c5-9098b18a8611,female,30-39,1
009ff66a-fce2-416a-9c9b-e9443a230d57,female,30-39,1
9b798dd3-d1b8-45d8-ae68-7022e3d38ca6,female,15-29,1
115787ae-24be-4f71-a54b-0279f6f82ef7,male,30-39,1
78202c7a-ffc4-4de0-aba2-e70ee3c0ec40,female,40-49,1
772187d4-ba7e-4dce-87f3-4e04a5ef7505,female,40-49,1
ff37081c-1f98-426b-9ede-72a1e73f4538,male,15-29,1
97179218-4d93-4455-b94d-b4abdea4e360,female,30-39,1
53d4ad03-0d3b-4f1f-b571-fb8d37283b60,female,15-29,1
6075e3e5-bdf1-4908-9631-8f81d51254e0,male,40-49,1
1850a9b1-7529-4372-af64-c5719dcc7b9c,female,30-39,1
f56fbe77-b828-4e37-832a-fe3e9bc38180,female,30-39,1
9a8c4944-1c9f-470a-8a69-2551bfc5cb0b,female,50-59,1
884aa38d-43db-4c60-9968-65f060678f29,female,30-39,1
298eee1b-2100-4ba8-a22f-a86107889bc3,male,15-29,1
c2bf16e0-6e98-4403-a428-5c48067aacef,female,50-59,1
5e9280be-6e13-4f89-85ec-846cc29ee259,female,50-59,1
395113aa-b970-4cf2-a83a-b2f348725e42,male,15-29,1
3cc1e3d8-7a1f-46ed-97a2-e0e5382e8605,male,15-29,1
708c5f5a-73ac-4ac4-86e2-35bbd68ec615,male,30-39,1
